name,host,time,value
go_memstats_heap_alloc_bytes,localhost:1080,2025-08-14T13:11:01+00:00,6236536
go_memstats_heap_alloc_bytes,localhost:1080,2025-08-14T13:11:04+00:00,6322568
go_memstats_heap_alloc_bytes,localhost:1080,2025-08-14T13:11:07+00:00,6408600
go_memstats_heap_alloc_bytes,localhost:1080,2025-08-14T13:11:10+00:00,6494632
go_memstats_heap_alloc_bytes,localhost:1080,2025-08-14T13:11:13+00:00,6580664
go_memstats_heap_alloc_bytes,localhost:1080,2025-08-14T13:11:16+00:00,6666696
go_memstats_heap_alloc_bytes,localhost:1080,2025-08-14T13:11:19+00:00,6752712
go_memstats_heap_alloc_bytes,localhost:1080,2025-08-14T13:11:22+00:00,6838888
go_memstats_heap_alloc_bytes,localhost:1080,2025-08-14T13:11:25+00:00,6924760
go_memstats_heap_alloc_bytes,localhost:1080,2025-08-14T13:11:28+00:00,7010792
go_memstats_heap_alloc_bytes,localhost:1080,2025-08-14T13:11:31+00:00,7096920
go_memstats_heap_alloc_bytes,localhost:1080,2025-08-14T13:11:34+00:00,3757152
go_memstats_heap_alloc_bytes,localhost:1080,2025-08-14T13:11:37+00:00,4657552
go_memstats_heap_alloc_bytes,localhost:1080,2025-08-14T13:11:40+00:00,4745872
go_memstats_heap_alloc_bytes,localhost:1080,2025-08-14T13:11:43+00:00,5649936
go_memstats_heap_alloc_bytes,localhost:1080,2025-08-14T13:11:46+00:00,6556096
go_memstats_heap_alloc_bytes,localhost:1080,2025-08-14T13:11:49+00:00,6644240
go_memstats_heap_alloc_bytes,localhost:1080,2025-08-14T13:11:52+00:00,6730272
go_memstats_heap_alloc_bytes,localhost:1080,2025-08-14T13:11:55+00:00,6816304
go_memstats_heap_alloc_bytes,localhost:1080,2025-08-14T13:11:58+00:00,6902496
go_memstats_heap_alloc_bytes,localhost:1080,2025-08-14T13:12:01+00:00,6988496
go_memstats_heap_alloc_bytes,localhost:1080,2025-08-14T13:12:04+00:00,3760320
go_memstats_heap_alloc_bytes,localhost:1080,2025-08-14T13:12:07+00:00,3846864
go_memstats_heap_alloc_bytes,localhost:1080,2025-08-14T13:12:10+00:00,3932896
go_memstats_heap_alloc_bytes,localhost:1080,2025-08-14T13:12:13+00:00,4021040
go_memstats_heap_alloc_bytes,localhost:1080,2025-08-14T13:12:16+00:00,4107248
go_memstats_heap_alloc_bytes,localhost:1080,2025-08-14T13:12:19+00:00,4193328
go_memstats_heap_alloc_bytes,localhost:1080,2025-08-14T13:12:22+00:00,5093216
go_memstats_heap_alloc_bytes,localhost:1080,2025-08-14T13:12:25+00:00,5181552
go_memstats_heap_alloc_bytes,localhost:1080,2025-08-14T13:12:28+00:00,5267584
go_memstats_heap_alloc_bytes,localhost:1080,2025-08-14T13:12:31+00:00,5353600
go_memstats_heap_alloc_bytes,localhost:1080,2025-08-14T13:12:34+00:00,5439600
go_memstats_heap_alloc_bytes,localhost:1080,2025-08-14T13:12:37+00:00,5525632
go_memstats_heap_alloc_bytes,localhost:1080,2025-08-14T13:12:40+00:00,5611648
go_memstats_heap_alloc_bytes,localhost:1080,2025-08-14T13:12:43+00:00,5697952
go_memstats_heap_alloc_bytes,localhost:1080,2025-08-14T13:12:46+00:00,5783696
go_memstats_heap_alloc_bytes,localhost:1080,2025-08-14T13:12:49+00:00,5869728
go_memstats_heap_alloc_bytes,localhost:1080,2025-08-14T13:12:52+00:00,5955744
go_memstats_heap_alloc_bytes,localhost:1080,2025-08-14T13:12:55+00:00,6041760
go_memstats_heap_alloc_bytes,localhost:1080,2025-08-14T13:12:58+00:00,6127760
go_memstats_heap_alloc_bytes,localhost:1080,2025-08-14T13:13:01+00:00,6213968
go_memstats_heap_alloc_bytes,localhost:1080,2025-08-14T13:13:04+00:00,6301296
go_memstats_heap_alloc_bytes,localhost:1080,2025-08-14T13:13:07+00:00,6386192
go_memstats_heap_alloc_bytes,localhost:1080,2025-08-14T13:13:10+00:00,6472208
go_memstats_heap_alloc_bytes,localhost:1080,2025-08-14T13:13:13+00:00,6558208
go_memstats_heap_alloc_bytes,localhost:1080,2025-08-14T13:13:16+00:00,6644240
go_memstats_heap_alloc_bytes,localhost:1080,2025-08-14T13:13:19+00:00,6730272
go_memstats_heap_alloc_bytes,localhost:1080,2025-08-14T13:13:22+00:00,6816288
go_memstats_heap_alloc_bytes,localhost:1080,2025-08-14T13:13:25+00:00,6902368
go_memstats_heap_alloc_bytes,localhost:1080,2025-08-14T13:13:28+00:00,6988400
go_memstats_heap_alloc_bytes,localhost:1080,2025-08-14T13:13:31+00:00,7074416
go_memstats_heap_alloc_bytes,localhost:1080,2025-08-14T13:13:34+00:00,3799016
go_memstats_heap_alloc_bytes,localhost:1080,2025-08-14T13:13:37+00:00,3885544
go_memstats_heap_alloc_bytes,localhost:1080,2025-08-14T13:13:40+00:00,3971640
go_memstats_heap_alloc_bytes,localhost:1080,2025-08-14T13:13:43+00:00,4057672
go_memstats_heap_alloc_bytes,localhost:1080,2025-08-14T13:13:46+00:00,4143704
go_memstats_heap_alloc_bytes,localhost:1080,2025-08-14T13:13:49+00:00,4231880
go_memstats_heap_alloc_bytes,localhost:1080,2025-08-14T13:13:52+00:00,4318024
go_memstats_heap_alloc_bytes,localhost:1080,2025-08-14T13:13:55+00:00,4403944
go_memstats_heap_alloc_bytes,localhost:1080,2025-08-14T13:13:58+00:00,4489976
go_memstats_heap_alloc_bytes,localhost:1080,2025-08-14T13:14:01+00:00,4576184
go_memstats_heap_alloc_bytes,localhost:1080,2025-08-14T13:14:04+00:00,4663064
go_memstats_heap_alloc_bytes,localhost:1080,2025-08-14T13:14:07+00:00,4748424
go_memstats_heap_alloc_bytes,localhost:1080,2025-08-14T13:14:10+00:00,4834456
go_memstats_heap_alloc_bytes,localhost:1080,2025-08-14T13:14:13+00:00,4920488
go_memstats_heap_alloc_bytes,localhost:1080,2025-08-14T13:14:16+00:00,5006520
go_memstats_heap_alloc_bytes,localhost:1080,2025-08-14T13:14:19+00:00,5092712
go_memstats_heap_alloc_bytes,localhost:1080,2025-08-14T13:14:22+00:00,5178792
go_memstats_heap_alloc_bytes,localhost:1080,2025-08-14T13:14:25+00:00,5264824
go_memstats_heap_alloc_bytes,localhost:1080,2025-08-14T13:14:28+00:00,5350856
go_memstats_heap_alloc_bytes,localhost:1080,2025-08-14T13:14:31+00:00,5436888
go_memstats_heap_alloc_bytes,localhost:1080,2025-08-14T13:14:34+00:00,5522920
go_memstats_heap_alloc_bytes,localhost:1080,2025-08-14T13:14:37+00:00,5609112
go_memstats_heap_alloc_bytes,localhost:1080,2025-08-14T13:14:40+00:00,5695144
go_memstats_heap_alloc_bytes,localhost:1080,2025-08-14T13:14:43+00:00,5781160
go_memstats_heap_alloc_bytes,localhost:1080,2025-08-14T13:14:46+00:00,5867192
go_memstats_heap_alloc_bytes,localhost:1080,2025-08-14T13:14:49+00:00,5953208
go_memstats_heap_alloc_bytes,localhost:1080,2025-08-14T13:14:52+00:00,6039464
go_memstats_heap_alloc_bytes,localhost:1080,2025-08-14T13:14:55+00:00,6125272
go_memstats_heap_alloc_bytes,localhost:1080,2025-08-14T13:14:58+00:00,6211400
go_memstats_heap_alloc_bytes,localhost:1080,2025-08-14T13:15:01+00:00,6312008
go_memstats_heap_alloc_bytes,localhost:1080,2025-08-14T13:15:04+00:00,6397848
go_memstats_heap_alloc_bytes,localhost:1080,2025-08-14T13:15:07+00:00,6483880
go_memstats_heap_alloc_bytes,localhost:1080,2025-08-14T13:15:10+00:00,6570360
go_memstats_heap_alloc_bytes,localhost:1080,2025-08-14T13:15:13+00:00,6669784
go_memstats_heap_alloc_bytes,localhost:1080,2025-08-14T13:15:16+00:00,6755592
go_memstats_heap_alloc_bytes,localhost:1080,2025-08-14T13:15:19+00:00,6841608
go_memstats_heap_alloc_bytes,localhost:1080,2025-08-14T13:15:22+00:00,6928088
go_memstats_heap_alloc_bytes,localhost:1080,2025-08-14T13:15:25+00:00,7015240
go_memstats_heap_alloc_bytes,localhost:1080,2025-08-14T13:18:58+00:00,81664
go_memstats_heap_alloc_bytes,localhost:1080,2025-08-14T13:19:01+00:00,1338088
go_memstats_heap_alloc_bytes,localhost:1080,2025-08-14T13:19:04+00:00,2246352
go_memstats_heap_alloc_bytes,localhost:1080,2025-08-14T13:19:07+00:00,2335712
go_memstats_heap_alloc_bytes,localhost:1080,2025-08-14T13:19:10+00:00,3241752
go_memstats_heap_alloc_bytes,localhost:1080,2025-08-14T13:19:13+00:00,3327448
go_memstats_heap_alloc_bytes,localhost:1080,2025-08-14T13:19:16+00:00,3413944
go_memstats_heap_alloc_bytes,localhost:1080,2025-08-14T13:19:19+00:00,3689416
go_memstats_heap_alloc_bytes,localhost:1080,2025-08-14T13:19:22+00:00,4595920
go_memstats_heap_alloc_bytes,localhost:1080,2025-08-14T13:19:25+00:00,4682400
go_memstats_heap_alloc_bytes,localhost:1080,2025-08-14T13:19:28+00:00,4771440
go_memstats_heap_alloc_bytes,localhost:1080,2025-08-14T13:19:31+00:00,5675416
go_memstats_heap_alloc_bytes,localhost:1080,2025-08-14T13:19:34+00:00,5762408
go_memstats_heap_alloc_bytes,localhost:1080,2025-08-14T13:19:37+00:00,5849048
go_memstats_heap_alloc_bytes,localhost:1080,2025-08-14T13:19:40+00:00,5936424
go_memstats_heap_alloc_bytes,localhost:1080,2025-08-14T13:19:43+00:00,3657048
go_memstats_heap_alloc_bytes,localhost:1080,2025-08-14T13:19:46+00:00,3744400
go_memstats_heap_alloc_bytes,localhost:1080,2025-08-14T13:19:49+00:00,3834584
go_memstats_heap_alloc_bytes,localhost:1080,2025-08-14T13:19:52+00:00,3921048
go_memstats_heap_alloc_bytes,localhost:1080,2025-08-14T13:19:55+00:00,4007272
go_memstats_heap_alloc_bytes,localhost:1080,2025-08-14T13:19:58+00:00,4093912
go_memstats_heap_alloc_bytes,localhost:1080,2025-08-14T13:20:01+00:00,4180920
go_memstats_heap_alloc_bytes,localhost:1080,2025-08-14T13:20:04+00:00,4267224
go_memstats_heap_alloc_bytes,localhost:1080,2025-08-14T13:20:07+00:00,4353800
go_memstats_heap_alloc_bytes,localhost:1080,2025-08-14T13:20:10+00:00,4441096
go_memstats_heap_alloc_bytes,localhost:1080,2025-08-14T13:20:13+00:00,4527760
go_memstats_heap_alloc_bytes,localhost:1080,2025-08-14T13:20:16+00:00,4614048
go_memstats_heap_alloc_bytes,localhost:1080,2025-08-14T13:20:19+00:00,4699936
go_memstats_heap_alloc_bytes,localhost:1080,2025-08-14T13:20:22+00:00,4785952
go_memstats_heap_alloc_bytes,localhost:1080,2025-08-14T13:20:25+00:00,4872096
go_memstats_heap_alloc_bytes,localhost:1080,2025-08-14T13:20:28+00:00,4958432
go_memstats_heap_alloc_bytes,localhost:1080,2025-08-14T13:20:31+00:00,5044816
go_memstats_heap_alloc_bytes,localhost:1080,2025-08-14T13:20:34+00:00,5132320
go_memstats_heap_alloc_bytes,localhost:1080,2025-08-14T13:20:37+00:00,5218608
go_memstats_heap_alloc_bytes,localhost:1080,2025-08-14T13:20:40+00:00,5307088
go_memstats_heap_alloc_bytes,localhost:1080,2025-08-14T13:20:43+00:00,5392992
go_memstats_heap_alloc_bytes,localhost:1080,2025-08-14T13:20:46+00:00,5479248
go_memstats_heap_alloc_bytes,localhost:1080,2025-08-14T13:20:49+00:00,5565280
go_memstats_heap_alloc_bytes,localhost:1080,2025-08-14T13:20:52+00:00,5651520
go_memstats_heap_alloc_bytes,localhost:1080,2025-08-14T13:20:55+00:00,5737888
go_memstats_heap_alloc_bytes,localhost:1080,2025-08-14T13:20:58+00:00,5823952
go_memstats_heap_alloc_bytes,localhost:1080,2025-08-14T13:21:01+00:00,3672872
go_memstats_heap_alloc_bytes,localhost:1080,2025-08-14T13:21:04+00:00,3759496
go_memstats_heap_alloc_bytes,localhost:1080,2025-08-14T13:21:07+00:00,3845720
go_memstats_heap_alloc_bytes,localhost:1080,2025-08-14T13:21:10+00:00,3935912
go_memstats_heap_alloc_bytes,localhost:1080,2025-08-14T13:21:13+00:00,4836232
go_memstats_heap_alloc_bytes,localhost:1080,2025-08-14T13:21:16+00:00,5740712
go_memstats_heap_alloc_bytes,localhost:1080,2025-08-14T13:21:19+00:00,5826904
go_memstats_heap_alloc_bytes,localhost:1080,2025-08-14T13:21:22+00:00,5913224
go_memstats_heap_alloc_bytes,localhost:1080,2025-08-14T13:21:25+00:00,5999592
go_memstats_heap_alloc_bytes,localhost:1080,2025-08-14T13:21:28+00:00,6085608
go_memstats_heap_alloc_bytes,localhost:1080,2025-08-14T13:21:31+00:00,3674136
go_memstats_heap_alloc_bytes,localhost:1080,2025-08-14T13:21:34+00:00,3761112
go_memstats_heap_alloc_bytes,localhost:1080,2025-08-14T13:21:37+00:00,3847128
go_memstats_heap_alloc_bytes,localhost:1080,2025-08-14T13:21:40+00:00,3933960
go_memstats_heap_alloc_bytes,localhost:1080,2025-08-14T13:21:43+00:00,4020536
go_memstats_heap_alloc_bytes,localhost:1080,2025-08-14T13:21:46+00:00,4109160
go_memstats_heap_alloc_bytes,localhost:1080,2025-08-14T13:21:49+00:00,4195608
go_memstats_heap_alloc_bytes,localhost:1080,2025-08-14T13:21:52+00:00,4281272
go_memstats_heap_alloc_bytes,localhost:1080,2025-08-14T13:21:55+00:00,4369576
go_memstats_heap_alloc_bytes,localhost:1080,2025-08-14T13:21:58+00:00,5273608
go_memstats_heap_alloc_bytes,localhost:1080,2025-08-14T13:22:01+00:00,5359688
go_memstats_heap_alloc_bytes,localhost:1080,2025-08-14T13:22:04+00:00,5446168
go_memstats_heap_alloc_bytes,localhost:1080,2025-08-14T13:22:07+00:00,5533192
go_memstats_heap_alloc_bytes,localhost:1080,2025-08-14T13:22:10+00:00,5619032
go_memstats_heap_alloc_bytes,localhost:1080,2025-08-14T13:22:13+00:00,5705752
go_memstats_heap_alloc_bytes,localhost:1080,2025-08-14T13:22:16+00:00,5791784
go_memstats_heap_alloc_bytes,localhost:1080,2025-08-14T13:22:19+00:00,5877800
go_memstats_heap_alloc_bytes,localhost:1080,2025-08-14T13:22:22+00:00,5963912
go_memstats_heap_alloc_bytes,localhost:1080,2025-08-14T13:22:25+00:00,6050408
go_memstats_heap_alloc_bytes,localhost:1080,2025-08-14T13:22:28+00:00,6136424
go_memstats_heap_alloc_bytes,localhost:1080,2025-08-14T13:22:31+00:00,3715440
go_memstats_heap_alloc_bytes,localhost:1080,2025-08-14T13:22:34+00:00,4619984
go_memstats_heap_alloc_bytes,localhost:1080,2025-08-14T13:22:37+00:00,4710624
go_memstats_heap_alloc_bytes,localhost:1080,2025-08-14T13:22:40+00:00,4797104
go_memstats_heap_alloc_bytes,localhost:1080,2025-08-14T13:22:43+00:00,4883328
go_memstats_heap_alloc_bytes,localhost:1080,2025-08-14T13:22:46+00:00,4969344
go_memstats_heap_alloc_bytes,localhost:1080,2025-08-14T13:22:49+00:00,5063744
go_memstats_heap_alloc_bytes,localhost:1080,2025-08-14T13:22:52+00:00,5183880
go_memstats_heap_alloc_bytes,localhost:1080,2025-08-14T13:22:55+00:00,5317208
go_memstats_heap_alloc_bytes,localhost:1080,2025-08-14T13:22:58+00:00,2921864
go_memstats_heap_alloc_bytes,localhost:1080,2025-08-14T13:23:01+00:00,3057072
go_memstats_heap_alloc_bytes,localhost:1080,2025-08-14T13:23:04+00:00,3962104
go_memstats_heap_alloc_bytes,localhost:1080,2025-08-14T13:23:07+00:00,4097360
go_memstats_heap_alloc_bytes,localhost:1080,2025-08-14T13:23:10+00:00,5016008
go_memstats_heap_alloc_bytes,localhost:1080,2025-08-14T13:23:13+00:00,5116408
go_memstats_heap_alloc_bytes,localhost:1080,2025-08-14T13:23:16+00:00,5243400
go_memstats_heap_alloc_bytes,localhost:1080,2025-08-14T13:23:19+00:00,5329880
go_memstats_heap_alloc_bytes,localhost:1080,2025-08-14T13:23:22+00:00,2988168
go_memstats_heap_alloc_bytes,localhost:1080,2025-08-14T13:23:25+00:00,3928368
go_memstats_heap_alloc_bytes,localhost:1080,2025-08-14T13:23:28+00:00,4844504
go_memstats_heap_alloc_bytes,localhost:1080,2025-08-14T13:23:31+00:00,4962600
go_memstats_heap_alloc_bytes,localhost:1080,2025-08-14T13:23:34+00:00,2945760
go_memstats_heap_alloc_bytes,localhost:1080,2025-08-14T13:23:37+00:00,3894480
go_memstats_heap_alloc_bytes,localhost:1080,2025-08-14T13:23:40+00:00,4804784
go_memstats_heap_alloc_bytes,localhost:1080,2025-08-14T13:23:43+00:00,3764024
go_memstats_heap_alloc_bytes,localhost:1080,2025-08-14T13:23:46+00:00,3894664
go_memstats_heap_alloc_bytes,localhost:1080,2025-08-14T13:23:49+00:00,3980680
go_memstats_heap_alloc_bytes,localhost:1080,2025-08-14T13:23:52+00:00,4108400
go_memstats_heap_alloc_bytes,localhost:1080,2025-08-14T13:23:55+00:00,4195488
go_memstats_heap_alloc_bytes,localhost:1080,2025-08-14T13:23:58+00:00,4323008
go_memstats_heap_alloc_bytes,localhost:1080,2025-08-14T13:24:01+00:00,4414368
go_memstats_heap_alloc_bytes,localhost:1080,2025-08-14T13:24:04+00:00,4545848
go_memstats_heap_alloc_bytes,localhost:1080,2025-08-14T13:24:07+00:00,4671928
go_memstats_heap_alloc_bytes,localhost:1080,2025-08-14T13:24:10+00:00,4758392
go_memstats_heap_alloc_bytes,localhost:1080,2025-08-14T13:24:13+00:00,4865672
go_memstats_heap_alloc_bytes,localhost:1080,2025-08-14T13:24:16+00:00,4953144
go_memstats_heap_alloc_bytes,localhost:1080,2025-08-14T13:24:19+00:00,5045880
go_memstats_heap_alloc_bytes,localhost:1080,2025-08-14T13:24:22+00:00,5152544
go_memstats_heap_alloc_bytes,localhost:1080,2025-08-14T13:24:25+00:00,5238800
go_memstats_heap_alloc_bytes,localhost:1080,2025-08-14T13:24:28+00:00,5331632
go_memstats_heap_alloc_bytes,localhost:1080,2025-08-14T13:24:31+00:00,5418048
go_memstats_heap_alloc_bytes,localhost:1080,2025-08-14T13:24:34+00:00,5523544
go_memstats_heap_alloc_bytes,localhost:1080,2025-08-14T13:24:37+00:00,5622792
go_memstats_heap_alloc_bytes,localhost:1080,2025-08-14T13:24:40+00:00,5710152
go_memstats_heap_alloc_bytes,localhost:1080,2025-08-14T13:24:43+00:00,5816416
go_memstats_heap_alloc_bytes,localhost:1080,2025-08-14T13:24:46+00:00,5903296
go_memstats_heap_alloc_bytes,localhost:1080,2025-08-14T13:24:49+00:00,6029216
go_memstats_heap_alloc_bytes,localhost:1080,2025-08-14T13:24:52+00:00,6134712
go_memstats_heap_alloc_bytes,localhost:1080,2025-08-14T13:24:55+00:00,6220808
go_memstats_heap_alloc_bytes,localhost:1080,2025-08-14T13:24:58+00:00,6314472
go_memstats_heap_alloc_bytes,localhost:1080,2025-08-14T13:25:01+00:00,6402056
go_memstats_heap_alloc_bytes,localhost:1080,2025-08-14T13:25:04+00:00,6508608
go_memstats_heap_alloc_bytes,localhost:1080,2025-08-14T13:25:07+00:00,6595008
go_memstats_heap_alloc_bytes,localhost:1080,2025-08-14T13:25:10+00:00,6688224
go_memstats_heap_alloc_bytes,localhost:1080,2025-08-14T13:25:13+00:00,6794104
go_memstats_heap_alloc_bytes,localhost:1080,2025-08-14T13:25:16+00:00,6880232
go_memstats_heap_alloc_bytes,localhost:1080,2025-08-14T13:25:19+00:00,3916736
go_memstats_heap_alloc_bytes,localhost:1080,2025-08-14T13:25:22+00:00,4002864
go_memstats_heap_alloc_bytes,localhost:1080,2025-08-14T13:25:25+00:00,4119072
go_memstats_heap_alloc_bytes,localhost:1080,2025-08-14T13:25:28+00:00,4213072
go_memstats_heap_alloc_bytes,localhost:1080,2025-08-14T13:25:31+00:00,4298592
go_memstats_heap_alloc_bytes,localhost:1080,2025-08-14T13:25:34+00:00,4413584
go_memstats_heap_alloc_bytes,localhost:1080,2025-08-14T13:25:37+00:00,4499600
go_memstats_heap_alloc_bytes,localhost:1080,2025-08-14T13:25:40+00:00,4592704
go_memstats_heap_alloc_bytes,localhost:1080,2025-08-14T13:25:43+00:00,4707608
go_memstats_heap_alloc_bytes,localhost:1080,2025-08-14T13:25:46+00:00,4793704
go_memstats_heap_alloc_bytes,localhost:1080,2025-08-14T13:25:49+00:00,4886440
go_memstats_heap_alloc_bytes,localhost:1080,2025-08-14T13:25:52+00:00,4973016
go_memstats_heap_alloc_bytes,localhost:1080,2025-08-14T13:25:55+00:00,5087864
go_memstats_heap_alloc_bytes,localhost:1080,2025-08-14T13:25:58+00:00,5189512
go_memstats_heap_alloc_bytes,localhost:1080,2025-08-14T13:26:01+00:00,5275720
go_memstats_heap_alloc_bytes,localhost:1080,2025-08-14T13:26:04+00:00,5381504
go_memstats_heap_alloc_bytes,localhost:1080,2025-08-14T13:26:07+00:00,5467424
go_memstats_heap_alloc_bytes,localhost:1080,2025-08-14T13:26:10+00:00,5560272
go_memstats_heap_alloc_bytes,localhost:1080,2025-08-14T13:26:13+00:00,5646304
go_memstats_heap_alloc_bytes,localhost:1080,2025-08-14T13:26:16+00:00,5745272
go_memstats_heap_alloc_bytes,localhost:1080,2025-08-14T13:26:19+00:00,5831592
go_memstats_heap_alloc_bytes,localhost:1080,2025-08-14T13:26:22+00:00,5917624
go_memstats_heap_alloc_bytes,localhost:1080,2025-08-14T13:26:25+00:00,6003944
go_memstats_heap_alloc_bytes,localhost:1080,2025-08-14T13:26:28+00:00,6090168
go_memstats_heap_alloc_bytes,localhost:1080,2025-08-14T13:26:31+00:00,6176200
go_memstats_heap_alloc_bytes,localhost:1080,2025-08-14T13:26:34+00:00,6281232
go_memstats_heap_alloc_bytes,localhost:1080,2025-08-14T13:26:37+00:00,6367264
go_memstats_heap_alloc_bytes,localhost:1080,2025-08-14T13:26:40+00:00,6460208
go_memstats_heap_alloc_bytes,localhost:1080,2025-08-14T13:26:43+00:00,6548400
go_memstats_heap_alloc_bytes,localhost:1080,2025-08-14T13:26:46+00:00,6660408
go_memstats_heap_alloc_bytes,localhost:1080,2025-08-14T13:26:49+00:00,6753744
go_memstats_heap_alloc_bytes,localhost:1080,2025-08-14T13:26:52+00:00,6840224
go_memstats_heap_alloc_bytes,localhost:1080,2025-08-14T13:26:55+00:00,6947896
go_memstats_heap_alloc_bytes,localhost:1080,2025-08-14T13:26:58+00:00,7035720
go_memstats_heap_alloc_bytes,localhost:1080,2025-08-14T13:27:01+00:00,7129016
go_memstats_heap_alloc_bytes,localhost:1080,2025-08-14T13:27:04+00:00,3896504
go_memstats_heap_alloc_bytes,localhost:1080,2025-08-14T13:27:07+00:00,4000104
go_memstats_heap_alloc_bytes,localhost:1080,2025-08-14T13:27:10+00:00,4126232
go_memstats_heap_alloc_bytes,localhost:1080,2025-08-14T13:27:13+00:00,4212264
go_memstats_heap_alloc_bytes,localhost:1080,2025-08-14T13:27:16+00:00,4318816
go_memstats_heap_alloc_bytes,localhost:1080,2025-08-14T13:27:19+00:00,4441696
go_memstats_heap_alloc_bytes,localhost:1080,2025-08-14T13:27:22+00:00,4535088
go_memstats_heap_alloc_bytes,localhost:1080,2025-08-14T13:27:25+00:00,4641992
go_memstats_heap_alloc_bytes,localhost:1080,2025-08-14T13:27:28+00:00,4728008
go_memstats_heap_alloc_bytes,localhost:1080,2025-08-14T13:27:31+00:00,4853848
go_memstats_heap_alloc_bytes,localhost:1080,2025-08-14T13:27:34+00:00,4940392
go_memstats_heap_alloc_bytes,localhost:1080,2025-08-14T13:27:37+00:00,5046432
go_memstats_heap_alloc_bytes,localhost:1080,2025-08-14T13:27:40+00:00,5139312
go_memstats_heap_alloc_bytes,localhost:1080,2025-08-14T13:27:43+00:00,5225344
go_memstats_heap_alloc_bytes,localhost:1080,2025-08-14T13:27:46+00:00,5331096
go_memstats_heap_alloc_bytes,localhost:1080,2025-08-14T13:27:49+00:00,5417080
go_memstats_heap_alloc_bytes,localhost:1080,2025-08-14T13:27:52+00:00,5543144
go_memstats_heap_alloc_bytes,localhost:1080,2025-08-14T13:27:55+00:00,5635200
go_memstats_heap_alloc_bytes,localhost:1080,2025-08-14T13:27:58+00:00,5736912
go_memstats_heap_alloc_bytes,localhost:1080,2025-08-14T13:28:01+00:00,5829856
go_memstats_heap_alloc_bytes,localhost:1080,2025-08-14T13:28:04+00:00,5915984
go_memstats_heap_alloc_bytes,localhost:1080,2025-08-14T13:28:07+00:00,6021688
go_memstats_heap_alloc_bytes,localhost:1080,2025-08-14T13:28:10+00:00,6107912
go_memstats_heap_alloc_bytes,localhost:1080,2025-08-14T13:28:13+00:00,6200952
go_memstats_heap_alloc_bytes,localhost:1080,2025-08-14T13:28:16+00:00,6306640
go_memstats_heap_alloc_bytes,localhost:1080,2025-08-14T13:28:19+00:00,6392864
go_memstats_heap_alloc_bytes,localhost:1080,2025-08-14T13:28:22+00:00,6486336
go_memstats_heap_alloc_bytes,localhost:1080,2025-08-14T13:28:25+00:00,6573824
go_memstats_heap_alloc_bytes,localhost:1080,2025-08-14T13:28:28+00:00,6678312
go_memstats_heap_alloc_bytes,localhost:1080,2025-08-14T13:28:31+00:00,6771208
go_memstats_heap_alloc_bytes,localhost:1080,2025-08-14T13:28:34+00:00,6857336
go_memstats_heap_alloc_bytes,localhost:1080,2025-08-14T13:28:37+00:00,6963120
go_memstats_heap_alloc_bytes,localhost:1080,2025-08-14T13:28:40+00:00,7049136
go_memstats_heap_alloc_bytes,localhost:1080,2025-08-14T13:28:43+00:00,7142016
go_memstats_heap_alloc_bytes,localhost:1080,2025-08-14T13:28:46+00:00,3949840
go_memstats_heap_alloc_bytes,localhost:1080,2025-08-14T13:28:49+00:00,4037648
go_memstats_heap_alloc_bytes,localhost:1080,2025-08-14T13:28:52+00:00,4131616
go_memstats_heap_alloc_bytes,localhost:1080,2025-08-14T13:28:55+00:00,4217968
go_memstats_heap_alloc_bytes,localhost:1080,2025-08-14T13:28:58+00:00,4323736
go_memstats_heap_alloc_bytes,localhost:1080,2025-08-14T13:29:01+00:00,4409752
go_memstats_heap_alloc_bytes,localhost:1080,2025-08-14T13:29:04+00:00,4502936
go_memstats_heap_alloc_bytes,localhost:1080,2025-08-14T13:29:07+00:00,4608784
go_memstats_heap_alloc_bytes,localhost:1080,2025-08-14T13:29:10+00:00,4695264
go_memstats_heap_alloc_bytes,localhost:1080,2025-08-14T13:29:13+00:00,4787648
go_memstats_heap_alloc_bytes,localhost:1080,2025-08-14T13:29:16+00:00,4876416
go_memstats_heap_alloc_bytes,localhost:1080,2025-08-14T13:29:19+00:00,4982840
go_memstats_heap_alloc_bytes,localhost:1080,2025-08-14T13:29:22+00:00,5077032
go_memstats_heap_alloc_bytes,localhost:1080,2025-08-14T13:29:25+00:00,5163064
go_memstats_heap_alloc_bytes,localhost:1080,2025-08-14T13:29:28+00:00,5268768
go_memstats_heap_alloc_bytes,localhost:1080,2025-08-14T13:29:31+00:00,5355312
go_memstats_heap_alloc_bytes,localhost:1080,2025-08-14T13:29:34+00:00,5447920
go_memstats_heap_alloc_bytes,localhost:1080,2025-08-14T13:29:37+00:00,5554344
go_memstats_heap_alloc_bytes,localhost:1080,2025-08-14T13:29:40+00:00,5640312
go_memstats_heap_alloc_bytes,localhost:1080,2025-08-14T13:29:43+00:00,5733144
go_memstats_heap_alloc_bytes,localhost:1080,2025-08-14T13:29:46+00:00,5819176
go_memstats_heap_alloc_bytes,localhost:1080,2025-08-14T13:29:49+00:00,5924864
go_memstats_heap_alloc_bytes,localhost:1080,2025-08-14T13:29:52+00:00,6011232
go_memstats_heap_alloc_bytes,localhost:1080,2025-08-14T13:29:55+00:00,6103712
go_memstats_heap_alloc_bytes,localhost:1080,2025-08-14T13:29:58+00:00,6200800
go_memstats_heap_alloc_bytes,localhost:1080,2025-08-14T13:30:01+00:00,6286976
go_memstats_heap_alloc_bytes,localhost:1080,2025-08-14T13:30:04+00:00,6372928
go_memstats_heap_alloc_bytes,localhost:1080,2025-08-14T13:30:07+00:00,6458960
go_memstats_heap_alloc_bytes,localhost:1080,2025-08-14T13:30:10+00:00,6545216
go_memstats_heap_alloc_bytes,localhost:1080,2025-08-14T13:30:13+00:00,6631344
go_memstats_heap_alloc_bytes,localhost:1080,2025-08-14T13:30:16+00:00,6735752
go_memstats_heap_alloc_bytes,localhost:1080,2025-08-14T13:30:19+00:00,6828952
go_memstats_heap_alloc_bytes,localhost:1080,2025-08-14T13:30:22+00:00,6914632
go_memstats_heap_alloc_bytes,localhost:1080,2025-08-14T13:30:25+00:00,7020320
go_memstats_heap_alloc_bytes,localhost:1080,2025-08-14T13:30:28+00:00,7106864
go_memstats_heap_alloc_bytes,localhost:1080,2025-08-14T13:30:31+00:00,7199200
go_memstats_heap_alloc_bytes,localhost:1080,2025-08-14T13:30:34+00:00,4017648
go_memstats_heap_alloc_bytes,localhost:1080,2025-08-14T13:30:37+00:00,4103680
go_memstats_heap_alloc_bytes,localhost:1080,2025-08-14T13:30:40+00:00,4205392
go_memstats_heap_alloc_bytes,localhost:1080,2025-08-14T13:30:43+00:00,4291424
go_memstats_heap_alloc_bytes,localhost:1080,2025-08-14T13:30:46+00:00,4405800
go_memstats_heap_alloc_bytes,localhost:1080,2025-08-14T13:30:49+00:00,4498632
go_memstats_heap_alloc_bytes,localhost:1080,2025-08-14T13:30:52+00:00,4584712
go_memstats_heap_alloc_bytes,localhost:1080,2025-08-14T13:30:55+00:00,4690768
go_memstats_heap_alloc_bytes,localhost:1080,2025-08-14T13:30:58+00:00,4776800
go_memstats_heap_alloc_bytes,localhost:1080,2025-08-14T13:31:01+00:00,4869632
go_memstats_heap_alloc_bytes,localhost:1080,2025-08-14T13:31:04+00:00,4963856
go_memstats_heap_alloc_bytes,localhost:1080,2025-08-14T13:31:07+00:00,5072520
go_memstats_heap_alloc_bytes,localhost:1080,2025-08-14T13:31:10+00:00,5166264
go_memstats_heap_alloc_bytes,localhost:1080,2025-08-14T13:31:13+00:00,5252296
go_memstats_heap_alloc_bytes,localhost:1080,2025-08-14T13:31:16+00:00,5358176
go_memstats_heap_alloc_bytes,localhost:1080,2025-08-14T13:31:19+00:00,5444208
go_memstats_heap_alloc_bytes,localhost:1080,2025-08-14T13:31:22+00:00,5537040
go_memstats_heap_alloc_bytes,localhost:1080,2025-08-14T13:31:25+00:00,5642728
go_memstats_heap_alloc_bytes,localhost:1080,2025-08-14T13:31:28+00:00,5728760
go_memstats_heap_alloc_bytes,localhost:1080,2025-08-14T13:31:31+00:00,5821720
go_memstats_heap_alloc_bytes,localhost:1080,2025-08-14T13:31:34+00:00,5907640
go_memstats_heap_alloc_bytes,localhost:1080,2025-08-14T13:31:37+00:00,6016512
go_memstats_heap_alloc_bytes,localhost:1080,2025-08-14T13:31:40+00:00,6111616
go_memstats_heap_alloc_bytes,localhost:1080,2025-08-14T13:31:43+00:00,6198096
go_memstats_heap_alloc_bytes,localhost:1080,2025-08-14T13:31:46+00:00,6303800
go_memstats_heap_alloc_bytes,localhost:1080,2025-08-14T13:31:49+00:00,6390280
go_memstats_heap_alloc_bytes,localhost:1080,2025-08-14T13:31:52+00:00,6483256
go_memstats_heap_alloc_bytes,localhost:1080,2025-08-14T13:31:55+00:00,6570712
go_memstats_heap_alloc_bytes,localhost:1080,2025-08-14T13:31:58+00:00,6675104
go_memstats_heap_alloc_bytes,localhost:1080,2025-08-14T13:32:01+00:00,6767728
go_memstats_heap_alloc_bytes,localhost:1080,2025-08-14T13:32:04+00:00,6853920
go_memstats_heap_alloc_bytes,localhost:1080,2025-08-14T13:32:07+00:00,6959496
go_memstats_heap_alloc_bytes,localhost:1080,2025-08-14T13:32:10+00:00,7045528
go_memstats_heap_alloc_bytes,localhost:1080,2025-08-14T13:32:13+00:00,7138376
go_memstats_heap_alloc_bytes,localhost:1080,2025-08-14T13:32:16+00:00,7244080
go_memstats_heap_alloc_bytes,localhost:1080,2025-08-14T13:32:19+00:00,7330544
go_memstats_heap_alloc_bytes,localhost:1080,2025-08-14T13:32:22+00:00,4015368
go_memstats_heap_alloc_bytes,localhost:1080,2025-08-14T13:32:25+00:00,4101400
go_memstats_heap_alloc_bytes,localhost:1080,2025-08-14T13:32:28+00:00,4208720
go_memstats_heap_alloc_bytes,localhost:1080,2025-08-14T13:32:31+00:00,4294752
go_memstats_heap_alloc_bytes,localhost:1080,2025-08-14T13:32:34+00:00,4387600
go_memstats_heap_alloc_bytes,localhost:1080,2025-08-14T13:32:37+00:00,4493560
go_memstats_heap_alloc_bytes,localhost:1080,2025-08-14T13:32:40+00:00,4579752
go_memstats_heap_alloc_bytes,localhost:1080,2025-08-14T13:32:43+00:00,4672856
go_memstats_heap_alloc_bytes,localhost:1080,2025-08-14T13:32:46+00:00,4760040
go_memstats_heap_alloc_bytes,localhost:1080,2025-08-14T13:32:49+00:00,4864864
go_memstats_heap_alloc_bytes,localhost:1080,2025-08-14T13:32:52+00:00,4957696
go_memstats_heap_alloc_bytes,localhost:1080,2025-08-14T13:32:55+00:00,5043712
go_memstats_heap_alloc_bytes,localhost:1080,2025-08-14T13:32:58+00:00,5157752
go_memstats_heap_alloc_bytes,localhost:1080,2025-08-14T13:33:01+00:00,5243784
go_memstats_heap_alloc_bytes,localhost:1080,2025-08-14T13:33:04+00:00,5336616
go_memstats_heap_alloc_bytes,localhost:1080,2025-08-14T13:33:07+00:00,5442672
go_memstats_heap_alloc_bytes,localhost:1080,2025-08-14T13:33:10+00:00,5528704
go_memstats_heap_alloc_bytes,localhost:1080,2025-08-14T13:33:13+00:00,5621744
go_memstats_heap_alloc_bytes,localhost:1080,2025-08-14T13:33:16+00:00,5707760
go_memstats_heap_alloc_bytes,localhost:1080,2025-08-14T13:33:19+00:00,5813736
go_memstats_heap_alloc_bytes,localhost:1080,2025-08-14T13:33:22+00:00,5899768
go_memstats_heap_alloc_bytes,localhost:1080,2025-08-14T13:33:25+00:00,5992984
go_memstats_heap_alloc_bytes,localhost:1080,2025-08-14T13:33:28+00:00,6098864
go_memstats_heap_alloc_bytes,localhost:1080,2025-08-14T13:33:31+00:00,6184896
go_memstats_heap_alloc_bytes,localhost:1080,2025-08-14T13:33:34+00:00,6277840
go_memstats_heap_alloc_bytes,localhost:1080,2025-08-14T13:33:37+00:00,6363872
go_memstats_heap_alloc_bytes,localhost:1080,2025-08-14T13:33:40+00:00,6462992
go_memstats_heap_alloc_bytes,localhost:1080,2025-08-14T13:33:43+00:00,6549792
go_memstats_heap_alloc_bytes,localhost:1080,2025-08-14T13:33:46+00:00,6635824
go_memstats_heap_alloc_bytes,localhost:1080,2025-08-14T13:33:49+00:00,6741016
go_memstats_heap_alloc_bytes,localhost:1080,2025-08-14T13:33:52+00:00,6826952
go_memstats_heap_alloc_bytes,localhost:1080,2025-08-14T13:33:55+00:00,6919800
go_memstats_heap_alloc_bytes,localhost:1080,2025-08-14T13:33:58+00:00,7010216
go_memstats_heap_alloc_bytes,localhost:1080,2025-08-14T13:34:01+00:00,7120112
go_memstats_heap_alloc_bytes,localhost:1080,2025-08-14T13:34:04+00:00,7212736
go_memstats_heap_alloc_bytes,localhost:1080,2025-08-14T13:34:07+00:00,7298864
go_memstats_heap_alloc_bytes,localhost:1080,2025-08-14T13:34:10+00:00,3935240
go_memstats_heap_alloc_bytes,localhost:1080,2025-08-14T13:34:13+00:00,4022936
go_memstats_heap_alloc_bytes,localhost:1080,2025-08-14T13:34:16+00:00,4117512
go_memstats_heap_alloc_bytes,localhost:1080,2025-08-14T13:34:19+00:00,4202872
go_memstats_heap_alloc_bytes,localhost:1080,2025-08-14T13:34:22+00:00,4308560
go_memstats_heap_alloc_bytes,localhost:1080,2025-08-14T13:34:25+00:00,4401520
go_memstats_heap_alloc_bytes,localhost:1080,2025-08-14T13:34:28+00:00,4487440
go_memstats_heap_alloc_bytes,localhost:1080,2025-08-14T13:34:31+00:00,4593368
go_memstats_heap_alloc_bytes,localhost:1080,2025-08-14T13:34:34+00:00,4679576
go_memstats_heap_alloc_bytes,localhost:1080,2025-08-14T13:34:37+00:00,4772776
go_memstats_heap_alloc_bytes,localhost:1080,2025-08-14T13:34:40+00:00,4863744
go_memstats_heap_alloc_bytes,localhost:1080,2025-08-14T13:34:43+00:00,4964464
go_memstats_heap_alloc_bytes,localhost:1080,2025-08-14T13:34:46+00:00,5057296
go_memstats_heap_alloc_bytes,localhost:1080,2025-08-14T13:34:49+00:00,5143328
go_memstats_heap_alloc_bytes,localhost:1080,2025-08-14T13:34:52+00:00,5249256
go_memstats_heap_alloc_bytes,localhost:1080,2025-08-14T13:34:55+00:00,5335064
go_memstats_heap_alloc_bytes,localhost:1080,2025-08-14T13:34:58+00:00,5427896
go_memstats_heap_alloc_bytes,localhost:1080,2025-08-14T13:35:01+00:00,5533600
go_memstats_heap_alloc_bytes,localhost:1080,2025-08-14T13:35:04+00:00,5619616
go_memstats_heap_alloc_bytes,localhost:1080,2025-08-14T13:35:07+00:00,5712448
go_memstats_heap_alloc_bytes,localhost:1080,2025-08-14T13:35:10+00:00,5799200
go_memstats_heap_alloc_bytes,localhost:1080,2025-08-14T13:35:13+00:00,5904168
go_memstats_heap_alloc_bytes,localhost:1080,2025-08-14T13:35:16+00:00,5997016
go_memstats_heap_alloc_bytes,localhost:1080,2025-08-14T13:35:19+00:00,6083048
go_memstats_heap_alloc_bytes,localhost:1080,2025-08-14T13:35:22+00:00,6188784
go_memstats_heap_alloc_bytes,localhost:1080,2025-08-14T13:35:25+00:00,6275264
go_memstats_heap_alloc_bytes,localhost:1080,2025-08-14T13:35:28+00:00,6367616
go_memstats_heap_alloc_bytes,localhost:1080,2025-08-14T13:35:31+00:00,6455520
go_memstats_heap_alloc_bytes,localhost:1080,2025-08-14T13:35:34+00:00,6559448
go_memstats_heap_alloc_bytes,localhost:1080,2025-08-14T13:35:37+00:00,6684952
go_memstats_heap_alloc_bytes,localhost:1080,2025-08-14T13:35:40+00:00,6770984
go_memstats_heap_alloc_bytes,localhost:1080,2025-08-14T13:35:43+00:00,6876672
go_memstats_heap_alloc_bytes,localhost:1080,2025-08-14T13:35:46+00:00,6963024
go_memstats_heap_alloc_bytes,localhost:1080,2025-08-14T13:35:49+00:00,7055552
go_memstats_heap_alloc_bytes,localhost:1080,2025-08-14T13:35:52+00:00,7161256
go_memstats_heap_alloc_bytes,localhost:1080,2025-08-14T13:35:55+00:00,7247336
go_memstats_heap_alloc_bytes,localhost:1080,2025-08-14T13:35:58+00:00,3940704
go_memstats_heap_alloc_bytes,localhost:1080,2025-08-14T13:36:01+00:00,4026736
go_memstats_heap_alloc_bytes,localhost:1080,2025-08-14T13:36:04+00:00,4133640
go_memstats_heap_alloc_bytes,localhost:1080,2025-08-14T13:36:07+00:00,4226472
go_memstats_heap_alloc_bytes,localhost:1080,2025-08-14T13:36:10+00:00,4312504
go_memstats_heap_alloc_bytes,localhost:1080,2025-08-14T13:36:13+00:00,4427296
go_memstats_heap_alloc_bytes,localhost:1080,2025-08-14T13:36:16+00:00,4513728
go_memstats_heap_alloc_bytes,localhost:1080,2025-08-14T13:36:19+00:00,4606336
go_memstats_heap_alloc_bytes,localhost:1080,2025-08-14T13:36:22+00:00,4692544
go_memstats_heap_alloc_bytes,localhost:1080,2025-08-14T13:36:25+00:00,4798584
go_memstats_heap_alloc_bytes,localhost:1080,2025-08-14T13:36:28+00:00,4891448
go_memstats_heap_alloc_bytes,localhost:1080,2025-08-14T13:36:31+00:00,4977480
go_memstats_heap_alloc_bytes,localhost:1080,2025-08-14T13:36:34+00:00,5083520
go_memstats_heap_alloc_bytes,localhost:1080,2025-08-14T13:36:37+00:00,5170816
go_memstats_heap_alloc_bytes,localhost:1080,2025-08-14T13:36:40+00:00,5262384
go_memstats_heap_alloc_bytes,localhost:1080,2025-08-14T13:36:43+00:00,5368264
go_memstats_heap_alloc_bytes,localhost:1080,2025-08-14T13:36:46+00:00,5454280
go_memstats_heap_alloc_bytes,localhost:1080,2025-08-14T13:36:49+00:00,5547112
go_memstats_heap_alloc_bytes,localhost:1080,2025-08-14T13:36:52+00:00,5634184
go_memstats_heap_alloc_bytes,localhost:1080,2025-08-14T13:36:55+00:00,5738800
go_memstats_heap_alloc_bytes,localhost:1080,2025-08-14T13:36:58+00:00,5864400
go_memstats_heap_alloc_bytes,localhost:1080,2025-08-14T13:37:01+00:00,5950416
go_memstats_heap_alloc_bytes,localhost:1080,2025-08-14T13:37:04+00:00,6056088
go_memstats_heap_alloc_bytes,localhost:1080,2025-08-14T13:37:07+00:00,6142120
go_memstats_heap_alloc_bytes,localhost:1080,2025-08-14T13:37:10+00:00,6234968
go_memstats_heap_alloc_bytes,localhost:1080,2025-08-14T13:37:13+00:00,6325208
go_memstats_heap_alloc_bytes,localhost:1080,2025-08-14T13:37:16+00:00,6419672
go_memstats_heap_alloc_bytes,localhost:1080,2025-08-14T13:37:19+00:00,6506376
go_memstats_heap_alloc_bytes,localhost:1080,2025-08-14T13:37:22+00:00,6592216
go_memstats_heap_alloc_bytes,localhost:1080,2025-08-14T13:37:25+00:00,6678808
go_memstats_heap_alloc_bytes,localhost:1080,2025-08-14T13:37:28+00:00,6764936
go_memstats_heap_alloc_bytes,localhost:1080,2025-08-14T13:37:31+00:00,6850952
go_memstats_heap_alloc_bytes,localhost:1080,2025-08-14T13:37:34+00:00,6937880
go_memstats_heap_alloc_bytes,localhost:1080,2025-08-14T13:37:37+00:00,7041840
go_memstats_heap_alloc_bytes,localhost:1080,2025-08-14T13:37:40+00:00,7134896
go_memstats_heap_alloc_bytes,localhost:1080,2025-08-14T13:37:43+00:00,7220816
go_memstats_heap_alloc_bytes,localhost:1080,2025-08-14T13:37:46+00:00,3949568
go_memstats_heap_alloc_bytes,localhost:1080,2025-08-14T13:37:49+00:00,4037776
go_memstats_heap_alloc_bytes,localhost:1080,2025-08-14T13:37:52+00:00,4131152
go_memstats_heap_alloc_bytes,localhost:1080,2025-08-14T13:37:55+00:00,4222312
go_memstats_heap_alloc_bytes,localhost:1080,2025-08-14T13:37:58+00:00,4323144
go_memstats_heap_alloc_bytes,localhost:1080,2025-08-14T13:38:01+00:00,4416232
go_memstats_heap_alloc_bytes,localhost:1080,2025-08-14T13:38:04+00:00,4504360
go_memstats_heap_alloc_bytes,localhost:1080,2025-08-14T13:38:07+00:00,4610568
go_memstats_heap_alloc_bytes,localhost:1080,2025-08-14T13:38:10+00:00,4696584
go_memstats_heap_alloc_bytes,localhost:1080,2025-08-14T13:38:13+00:00,4789896
go_memstats_heap_alloc_bytes,localhost:1080,2025-08-14T13:38:16+00:00,4904088
go_memstats_heap_alloc_bytes,localhost:1080,2025-08-14T13:38:19+00:00,4990568
go_memstats_heap_alloc_bytes,localhost:1080,2025-08-14T13:38:22+00:00,5083544
go_memstats_heap_alloc_bytes,localhost:1080,2025-08-14T13:38:25+00:00,5170024
go_memstats_heap_alloc_bytes,localhost:1080,2025-08-14T13:38:28+00:00,5284568
go_memstats_heap_alloc_bytes,localhost:1080,2025-08-14T13:38:31+00:00,5377400
go_memstats_heap_alloc_bytes,localhost:1080,2025-08-14T13:38:34+00:00,5463528
go_memstats_heap_alloc_bytes,localhost:1080,2025-08-14T13:38:37+00:00,5569120
go_memstats_heap_alloc_bytes,localhost:1080,2025-08-14T13:38:40+00:00,5655152
go_memstats_heap_alloc_bytes,localhost:1080,2025-08-14T13:38:43+00:00,5748016
go_memstats_heap_alloc_bytes,localhost:1080,2025-08-14T13:38:46+00:00,5834048
go_memstats_heap_alloc_bytes,localhost:1080,2025-08-14T13:38:49+00:00,5939736
go_memstats_heap_alloc_bytes,localhost:1080,2025-08-14T13:38:52+00:00,6032568
go_memstats_heap_alloc_bytes,localhost:1080,2025-08-14T13:38:55+00:00,6118600
go_memstats_heap_alloc_bytes,localhost:1080,2025-08-14T13:38:58+00:00,6224560
go_memstats_heap_alloc_bytes,localhost:1080,2025-08-14T13:39:01+00:00,6310288
go_memstats_heap_alloc_bytes,localhost:1080,2025-08-14T13:39:04+00:00,6403120
go_memstats_heap_alloc_bytes,localhost:1080,2025-08-14T13:39:07+00:00,6508792
go_memstats_heap_alloc_bytes,localhost:1080,2025-08-14T13:39:10+00:00,6594808
go_memstats_heap_alloc_bytes,localhost:1080,2025-08-14T13:39:13+00:00,6687640
go_memstats_heap_alloc_bytes,localhost:1080,2025-08-14T13:39:16+00:00,6773672
go_memstats_heap_alloc_bytes,localhost:1080,2025-08-14T13:39:19+00:00,6879360
go_memstats_heap_alloc_bytes,localhost:1080,2025-08-14T13:39:22+00:00,6965728
go_memstats_heap_alloc_bytes,localhost:1080,2025-08-14T13:39:25+00:00,7058224
go_memstats_heap_alloc_bytes,localhost:1080,2025-08-14T13:39:28+00:00,7164168
go_memstats_heap_alloc_bytes,localhost:1080,2025-08-14T13:39:31+00:00,7249928
go_memstats_heap_alloc_bytes,localhost:1080,2025-08-14T13:39:34+00:00,7342776
go_memstats_heap_alloc_bytes,localhost:1080,2025-08-14T13:39:37+00:00,4007512
go_memstats_heap_alloc_bytes,localhost:1080,2025-08-14T13:39:40+00:00,4115888
go_memstats_heap_alloc_bytes,localhost:1080,2025-08-14T13:39:43+00:00,4209424
go_memstats_heap_alloc_bytes,localhost:1080,2025-08-14T13:39:46+00:00,4295440
go_memstats_heap_alloc_bytes,localhost:1080,2025-08-14T13:39:49+00:00,4401144
go_memstats_heap_alloc_bytes,localhost:1080,2025-08-14T13:39:52+00:00,4487352
go_memstats_heap_alloc_bytes,localhost:1080,2025-08-14T13:39:55+00:00,4580200
go_memstats_heap_alloc_bytes,localhost:1080,2025-08-14T13:39:58+00:00,4666232
go_memstats_heap_alloc_bytes,localhost:1080,2025-08-14T13:40:01+00:00,4772016
go_memstats_heap_alloc_bytes,localhost:1080,2025-08-14T13:40:04+00:00,4865120
go_memstats_heap_alloc_bytes,localhost:1080,2025-08-14T13:40:07+00:00,4951136
go_memstats_heap_alloc_bytes,localhost:1080,2025-08-14T13:40:10+00:00,5056824
go_memstats_heap_alloc_bytes,localhost:1080,2025-08-14T13:40:13+00:00,5146952
go_memstats_heap_alloc_bytes,localhost:1080,2025-08-14T13:40:16+00:00,5244392
go_memstats_heap_alloc_bytes,localhost:1080,2025-08-14T13:40:19+00:00,5350480
go_memstats_heap_alloc_bytes,localhost:1080,2025-08-14T13:40:22+00:00,5436272
go_memstats_heap_alloc_bytes,localhost:1080,2025-08-14T13:40:25+00:00,5529216
go_memstats_heap_alloc_bytes,localhost:1080,2025-08-14T13:40:28+00:00,5615136
go_memstats_heap_alloc_bytes,localhost:1080,2025-08-14T13:40:31+00:00,5720824
go_memstats_heap_alloc_bytes,localhost:1080,2025-08-14T13:40:34+00:00,5806856
go_memstats_heap_alloc_bytes,localhost:1080,2025-08-14T13:40:37+00:00,5899704
go_memstats_heap_alloc_bytes,localhost:1080,2025-08-14T13:40:40+00:00,6005744
go_memstats_heap_alloc_bytes,localhost:1080,2025-08-14T13:40:43+00:00,6091776
go_memstats_heap_alloc_bytes,localhost:1080,2025-08-14T13:40:46+00:00,6184784
go_memstats_heap_alloc_bytes,localhost:1080,2025-08-14T13:40:49+00:00,6271040
go_memstats_heap_alloc_bytes,localhost:1080,2025-08-14T13:40:52+00:00,6376520
go_memstats_heap_alloc_bytes,localhost:1080,2025-08-14T13:40:55+00:00,6469352
go_memstats_heap_alloc_bytes,localhost:1080,2025-08-14T13:40:58+00:00,6555384
go_memstats_heap_alloc_bytes,localhost:1080,2025-08-14T13:41:01+00:00,6651944
go_memstats_heap_alloc_bytes,localhost:1080,2025-08-14T13:41:04+00:00,6738872
go_memstats_heap_alloc_bytes,localhost:1080,2025-08-14T13:41:07+00:00,6823976
go_memstats_heap_alloc_bytes,localhost:1080,2025-08-14T13:41:10+00:00,6914104
go_memstats_heap_alloc_bytes,localhost:1080,2025-08-14T13:41:13+00:00,7023440
go_memstats_heap_alloc_bytes,localhost:1080,2025-08-14T13:41:16+00:00,7116272
go_memstats_heap_alloc_bytes,localhost:1080,2025-08-14T13:41:19+00:00,7203168
go_memstats_heap_alloc_bytes,localhost:1080,2025-08-14T13:41:22+00:00,7307976
go_memstats_heap_alloc_bytes,localhost:1080,2025-08-14T13:41:25+00:00,7394008
go_memstats_heap_alloc_bytes,localhost:1080,2025-08-14T13:41:28+00:00,3972480
go_memstats_heap_alloc_bytes,localhost:1080,2025-08-14T13:41:31+00:00,4064720
go_memstats_heap_alloc_bytes,localhost:1080,2025-08-14T13:41:34+00:00,4176200
go_memstats_heap_alloc_bytes,localhost:1080,2025-08-14T13:41:37+00:00,4302328
go_memstats_heap_alloc_bytes,localhost:1080,2025-08-14T13:41:40+00:00,4388360
go_memstats_heap_alloc_bytes,localhost:1080,2025-08-14T13:41:43+00:00,4494032
go_memstats_heap_alloc_bytes,localhost:1080,2025-08-14T13:41:46+00:00,4584320
go_memstats_heap_alloc_bytes,localhost:1080,2025-08-14T13:41:49+00:00,4681392
go_memstats_heap_alloc_bytes,localhost:1080,2025-08-14T13:41:52+00:00,4795800
go_memstats_heap_alloc_bytes,localhost:1080,2025-08-14T13:41:55+00:00,4881800
go_memstats_heap_alloc_bytes,localhost:1080,2025-08-14T13:41:58+00:00,4976760
go_memstats_heap_alloc_bytes,localhost:1080,2025-08-14T13:42:01+00:00,5062792
go_memstats_heap_alloc_bytes,localhost:1080,2025-08-14T13:42:04+00:00,5168816
go_memstats_heap_alloc_bytes,localhost:1080,2025-08-14T13:42:07+00:00,5255040
go_memstats_heap_alloc_bytes,localhost:1080,2025-08-14T13:42:10+00:00,5348080
go_memstats_heap_alloc_bytes,localhost:1080,2025-08-14T13:42:13+00:00,5453560
go_memstats_heap_alloc_bytes,localhost:1080,2025-08-14T13:42:16+00:00,5539576
go_memstats_heap_alloc_bytes,localhost:1080,2025-08-14T13:42:19+00:00,5665464
go_memstats_heap_alloc_bytes,localhost:1080,2025-08-14T13:42:22+00:00,5751384
go_memstats_heap_alloc_bytes,localhost:1080,2025-08-14T13:42:25+00:00,5857072
go_memstats_heap_alloc_bytes,localhost:1080,2025-08-14T13:42:28+00:00,5950368
go_memstats_heap_alloc_bytes,localhost:1080,2025-08-14T13:42:31+00:00,6036272
go_memstats_heap_alloc_bytes,localhost:1080,2025-08-14T13:42:34+00:00,6141624
go_memstats_heap_alloc_bytes,localhost:1080,2025-08-14T13:42:37+00:00,6228552
go_memstats_heap_alloc_bytes,localhost:1080,2025-08-14T13:42:40+00:00,6320488
go_memstats_heap_alloc_bytes,localhost:1080,2025-08-14T13:42:43+00:00,6426192
go_memstats_heap_alloc_bytes,localhost:1080,2025-08-14T13:42:46+00:00,6512224
go_memstats_heap_alloc_bytes,localhost:1080,2025-08-14T13:42:49+00:00,6638048
go_memstats_heap_alloc_bytes,localhost:1080,2025-08-14T13:42:52+00:00,6723840
go_memstats_heap_alloc_bytes,localhost:1080,2025-08-14T13:42:55+00:00,6829560
go_memstats_heap_alloc_bytes,localhost:1080,2025-08-14T13:42:58+00:00,6916648
go_memstats_heap_alloc_bytes,localhost:1080,2025-08-14T13:43:01+00:00,7009736
go_memstats_heap_alloc_bytes,localhost:1080,2025-08-14T13:43:04+00:00,7117440
go_memstats_heap_alloc_bytes,localhost:1080,2025-08-14T13:43:07+00:00,7204480
go_memstats_heap_alloc_bytes,localhost:1080,2025-08-14T13:43:10+00:00,7296992
go_memstats_heap_alloc_bytes,localhost:1080,2025-08-14T13:43:13+00:00,3974304
go_memstats_heap_alloc_bytes,localhost:1080,2025-08-14T13:43:16+00:00,4082680
go_memstats_heap_alloc_bytes,localhost:1080,2025-08-14T13:43:19+00:00,4176216
go_memstats_heap_alloc_bytes,localhost:1080,2025-08-14T13:43:22+00:00,4262248
go_memstats_heap_alloc_bytes,localhost:1080,2025-08-14T13:43:25+00:00,4367952
go_memstats_heap_alloc_bytes,localhost:1080,2025-08-14T13:43:28+00:00,4454240
go_memstats_heap_alloc_bytes,localhost:1080,2025-08-14T13:43:31+00:00,5367792
go_memstats_heap_alloc_bytes,localhost:1080,2025-08-14T13:43:34+00:00,5453600
go_memstats_heap_alloc_bytes,localhost:1080,2025-08-14T13:43:37+00:00,5559672
go_memstats_heap_alloc_bytes,localhost:1080,2025-08-14T13:43:40+00:00,5653576
go_memstats_heap_alloc_bytes,localhost:1080,2025-08-14T13:43:43+00:00,5740040
go_memstats_heap_alloc_bytes,localhost:1080,2025-08-14T13:43:46+00:00,5846192
go_memstats_heap_alloc_bytes,localhost:1080,2025-08-14T13:43:49+00:00,5932224
go_memstats_heap_alloc_bytes,localhost:1080,2025-08-14T13:43:52+00:00,6025056
go_memstats_heap_alloc_bytes,localhost:1080,2025-08-14T13:43:55+00:00,6131064
go_memstats_heap_alloc_bytes,localhost:1080,2025-08-14T13:43:58+00:00,6218472
go_memstats_heap_alloc_bytes,localhost:1080,2025-08-14T13:44:01+00:00,6310056
go_memstats_heap_alloc_bytes,localhost:1080,2025-08-14T13:44:04+00:00,6396072
go_memstats_heap_alloc_bytes,localhost:1080,2025-08-14T13:44:07+00:00,6501776
go_memstats_heap_alloc_bytes,localhost:1080,2025-08-14T13:44:10+00:00,6594624
go_memstats_heap_alloc_bytes,localhost:1080,2025-08-14T13:44:13+00:00,6680656
go_memstats_heap_alloc_bytes,localhost:1080,2025-08-14T13:44:16+00:00,6786344
go_memstats_heap_alloc_bytes,localhost:1080,2025-08-14T13:44:19+00:00,6872424
go_memstats_heap_alloc_bytes,localhost:1080,2025-08-14T13:44:22+00:00,6965256
go_memstats_heap_alloc_bytes,localhost:1080,2025-08-14T13:44:25+00:00,7051496
go_memstats_heap_alloc_bytes,localhost:1080,2025-08-14T13:44:28+00:00,7156944
go_memstats_heap_alloc_bytes,localhost:1080,2025-08-14T13:44:31+00:00,7258512
go_memstats_heap_alloc_bytes,localhost:1080,2025-08-14T13:44:34+00:00,7344736
go_memstats_heap_alloc_bytes,localhost:1080,2025-08-14T13:44:37+00:00,7445744
go_memstats_heap_alloc_bytes,localhost:1080,2025-08-14T13:44:40+00:00,3967296
go_memstats_heap_alloc_bytes,localhost:1080,2025-08-14T13:44:43+00:00,4053824
go_memstats_heap_alloc_bytes,localhost:1080,2025-08-14T13:44:46+00:00,4139856
go_memstats_heap_alloc_bytes,localhost:1080,2025-08-14T13:44:49+00:00,5062920
go_memstats_heap_alloc_bytes,localhost:1080,2025-08-14T13:44:52+00:00,6205024
go_memstats_heap_alloc_bytes,localhost:1080,2025-08-14T13:44:55+00:00,6291040
go_memstats_heap_alloc_bytes,localhost:1080,2025-08-14T13:44:58+00:00,6405656
go_memstats_heap_alloc_bytes,localhost:1080,2025-08-14T13:45:01+00:00,7304984
go_memstats_heap_alloc_bytes,localhost:1080,2025-08-14T13:45:04+00:00,7398504
go_memstats_heap_alloc_bytes,localhost:1080,2025-08-14T13:45:07+00:00,5948112
go_memstats_heap_alloc_bytes,localhost:1080,2025-08-14T13:45:10+00:00,6069200
go_memstats_heap_alloc_bytes,localhost:1080,2025-08-14T13:45:13+00:00,6162560
go_memstats_heap_alloc_bytes,localhost:1080,2025-08-14T13:45:16+00:00,6249040
go_memstats_heap_alloc_bytes,localhost:1080,2025-08-14T13:45:19+00:00,6382768
go_memstats_heap_alloc_bytes,localhost:1080,2025-08-14T13:45:22+00:00,7517360
go_memstats_heap_alloc_bytes,localhost:1080,2025-08-14T13:45:25+00:00,7610656
go_memstats_heap_alloc_bytes,localhost:1080,2025-08-14T13:45:28+00:00,7716736
go_memstats_heap_alloc_bytes,localhost:1080,2025-08-14T13:45:31+00:00,7802768
go_memstats_heap_alloc_bytes,localhost:1080,2025-08-14T13:45:34+00:00,7895632
go_memstats_heap_alloc_bytes,localhost:1080,2025-08-14T13:45:37+00:00,9031632
go_memstats_heap_alloc_bytes,localhost:1080,2025-08-14T13:45:40+00:00,9136440
go_memstats_heap_alloc_bytes,localhost:1080,2025-08-14T13:45:43+00:00,9262248
go_memstats_heap_alloc_bytes,localhost:1080,2025-08-14T13:45:46+00:00,9348456
go_memstats_heap_alloc_bytes,localhost:1080,2025-08-14T13:45:49+00:00,9471960
go_memstats_heap_alloc_bytes,localhost:1080,2025-08-14T13:45:52+00:00,10606312
go_memstats_heap_alloc_bytes,localhost:1080,2025-08-14T13:45:55+00:00,10699192
go_memstats_heap_alloc_bytes,localhost:1080,2025-08-14T13:45:58+00:00,10785736
go_memstats_heap_alloc_bytes,localhost:1080,2025-08-14T13:46:01+00:00,10893376
go_memstats_heap_alloc_bytes,localhost:1080,2025-08-14T13:46:04+00:00,10986224
go_memstats_heap_alloc_bytes,localhost:1080,2025-08-14T13:46:07+00:00,10196592
go_memstats_heap_alloc_bytes,localhost:1080,2025-08-14T13:46:10+00:00,10308944
go_memstats_heap_alloc_bytes,localhost:1080,2025-08-14T13:46:13+00:00,10395472
go_memstats_heap_alloc_bytes,localhost:1080,2025-08-14T13:46:16+00:00,10488496
go_memstats_heap_alloc_bytes,localhost:1080,2025-08-14T13:46:19+00:00,10603080
go_memstats_heap_alloc_bytes,localhost:1080,2025-08-14T13:46:22+00:00,11738120
go_memstats_heap_alloc_bytes,localhost:1080,2025-08-14T13:46:25+00:00,11831048
go_memstats_heap_alloc_bytes,localhost:1080,2025-08-14T13:46:28+00:00,11917656
go_memstats_heap_alloc_bytes,localhost:1080,2025-08-14T13:46:31+00:00,12023104
go_memstats_heap_alloc_bytes,localhost:1080,2025-08-14T13:46:34+00:00,12115616
go_memstats_heap_alloc_bytes,localhost:1080,2025-08-14T13:46:37+00:00,13250208
go_memstats_heap_alloc_bytes,localhost:1080,2025-08-14T13:46:40+00:00,13355896
go_memstats_heap_alloc_bytes,localhost:1080,2025-08-14T13:46:43+00:00,13441912
go_memstats_heap_alloc_bytes,localhost:1080,2025-08-14T13:46:46+00:00,13567528
go_memstats_heap_alloc_bytes,localhost:1080,2025-08-14T13:46:49+00:00,13654232
go_memstats_heap_alloc_bytes,localhost:1080,2025-08-14T13:46:52+00:00,14808688
go_memstats_heap_alloc_bytes,localhost:1080,2025-08-14T13:46:55+00:00,14901424
go_memstats_heap_alloc_bytes,localhost:1080,2025-08-14T13:46:58+00:00,14987680
go_memstats_heap_alloc_bytes,localhost:1080,2025-08-14T13:47:01+00:00,15093144
go_memstats_heap_alloc_bytes,localhost:1080,2025-08-14T13:47:04+00:00,15179176
go_memstats_heap_alloc_bytes,localhost:1080,2025-08-14T13:47:07+00:00,16320584
go_memstats_heap_alloc_bytes,localhost:1080,2025-08-14T13:47:10+00:00,16434992
go_memstats_heap_alloc_bytes,localhost:1080,2025-08-14T13:47:13+00:00,16521024
go_memstats_heap_alloc_bytes,localhost:1080,2025-08-14T13:47:16+00:00,16613888
go_memstats_heap_alloc_bytes,localhost:1080,2025-08-14T13:47:19+00:00,16699920
go_memstats_heap_alloc_bytes,localhost:1080,2025-08-14T13:47:22+00:00,17854184
go_memstats_heap_alloc_bytes,localhost:1080,2025-08-14T13:47:25+00:00,17940216
go_memstats_heap_alloc_bytes,localhost:1080,2025-08-14T13:47:28+00:00,18033208
go_memstats_heap_alloc_bytes,localhost:1080,2025-08-14T13:47:31+00:00,18138768
go_memstats_heap_alloc_bytes,localhost:1080,2025-08-14T13:47:34+00:00,18224800
go_memstats_heap_alloc_bytes,localhost:1080,2025-08-14T13:47:37+00:00,19366208
go_memstats_heap_alloc_bytes,localhost:1080,2025-08-14T13:47:40+00:00,19452224
go_memstats_heap_alloc_bytes,localhost:1080,2025-08-14T13:47:43+00:00,19558520
go_memstats_heap_alloc_bytes,localhost:1080,2025-08-14T13:47:46+00:00,15737752
go_memstats_heap_alloc_bytes,localhost:1080,2025-08-14T13:47:49+00:00,15823784
go_memstats_heap_alloc_bytes,localhost:1080,2025-08-14T13:47:52+00:00,16979632
go_memstats_heap_alloc_bytes,localhost:1080,2025-08-14T13:47:55+00:00,17065648
go_memstats_heap_alloc_bytes,localhost:1080,2025-08-14T13:47:58+00:00,17978976
go_memstats_heap_alloc_bytes,localhost:1080,2025-08-14T13:48:01+00:00,18904840
go_memstats_heap_alloc_bytes,localhost:1080,2025-08-14T13:48:04+00:00,18990872
go_memstats_heap_alloc_bytes,localhost:1080,2025-08-14T13:48:07+00:00,20132312
go_memstats_heap_alloc_bytes,localhost:1080,2025-08-14T13:48:10+00:00,20218344
go_memstats_heap_alloc_bytes,localhost:1080,2025-08-14T13:48:13+00:00,20315256
go_memstats_heap_alloc_bytes,localhost:1080,2025-08-14T13:48:16+00:00,20401416
go_memstats_heap_alloc_bytes,localhost:1080,2025-08-14T13:48:19+00:00,20487448
go_memstats_heap_alloc_bytes,localhost:1080,2025-08-14T13:48:22+00:00,21622056
go_memstats_heap_alloc_bytes,localhost:1080,2025-08-14T13:48:25+00:00,21727152
go_memstats_heap_alloc_bytes,localhost:1080,2025-08-14T13:48:28+00:00,21813616
go_memstats_heap_alloc_bytes,localhost:1080,2025-08-14T13:48:31+00:00,21906416
go_memstats_heap_alloc_bytes,localhost:1080,2025-08-14T13:48:34+00:00,21994320
go_memstats_heap_alloc_bytes,localhost:1080,2025-08-14T13:48:37+00:00,23146648
go_memstats_heap_alloc_bytes,localhost:1080,2025-08-14T13:48:40+00:00,23239496
go_memstats_heap_alloc_bytes,localhost:1080,2025-08-14T13:48:43+00:00,23325528
go_memstats_heap_alloc_bytes,localhost:1080,2025-08-14T13:48:46+00:00,23431232
go_memstats_heap_alloc_bytes,localhost:1080,2025-08-14T13:48:49+00:00,23517280
go_memstats_heap_alloc_bytes,localhost:1080,2025-08-14T13:48:52+00:00,24659600
go_memstats_heap_alloc_bytes,localhost:1080,2025-08-14T13:48:55+00:00,24765384
go_memstats_heap_alloc_bytes,localhost:1080,2025-08-14T13:48:58+00:00,24851320
go_memstats_heap_alloc_bytes,localhost:1080,2025-08-14T13:49:01+00:00,24944168
go_memstats_heap_alloc_bytes,localhost:1080,2025-08-14T13:49:04+00:00,25030200
go_memstats_heap_alloc_bytes,localhost:1080,2025-08-14T13:49:07+00:00,26185392
go_memstats_heap_alloc_bytes,localhost:1080,2025-08-14T13:49:10+00:00,26271392
go_memstats_heap_alloc_bytes,localhost:1080,2025-08-14T13:49:13+00:00,26363696
go_memstats_heap_alloc_bytes,localhost:1080,2025-08-14T13:49:16+00:00,26469400
go_memstats_heap_alloc_bytes,localhost:1080,2025-08-14T13:49:19+00:00,26555784
go_memstats_heap_alloc_bytes,localhost:1080,2025-08-14T13:49:22+00:00,27696856
go_memstats_heap_alloc_bytes,localhost:1080,2025-08-14T13:49:25+00:00,27782888
go_memstats_heap_alloc_bytes,localhost:1080,2025-08-14T13:49:28+00:00,27888608
go_memstats_heap_alloc_bytes,localhost:1080,2025-08-14T13:49:31+00:00,27989776
go_memstats_heap_alloc_bytes,localhost:1080,2025-08-14T13:49:34+00:00,28075792
go_memstats_heap_alloc_bytes,localhost:1080,2025-08-14T13:49:37+00:00,29230072
go_memstats_heap_alloc_bytes,localhost:1080,2025-08-14T13:49:40+00:00,29316104
go_memstats_heap_alloc_bytes,localhost:1080,2025-08-14T13:49:43+00:00,29408968
go_memstats_heap_alloc_bytes,localhost:1080,2025-08-14T13:49:46+00:00,24919704
go_memstats_heap_alloc_bytes,localhost:1080,2025-08-14T13:49:49+00:00,25022664
go_memstats_heap_alloc_bytes,localhost:1080,2025-08-14T13:49:52+00:00,26167144
go_memstats_heap_alloc_bytes,localhost:1080,2025-08-14T13:49:55+00:00,26255464
go_memstats_heap_alloc_bytes,localhost:1080,2025-08-14T13:49:58+00:00,26361568
go_memstats_heap_alloc_bytes,localhost:1080,2025-08-14T13:50:01+00:00,26447584
go_memstats_heap_alloc_bytes,localhost:1080,2025-08-14T13:50:04+00:00,26540592
go_memstats_heap_alloc_bytes,localhost:1080,2025-08-14T13:50:07+00:00,27694984
go_memstats_heap_alloc_bytes,localhost:1080,2025-08-14T13:50:10+00:00,27780920
go_memstats_heap_alloc_bytes,localhost:1080,2025-08-14T13:50:13+00:00,27873768
go_memstats_heap_alloc_bytes,localhost:1080,2025-08-14T13:50:16+00:00,27961912
go_memstats_heap_alloc_bytes,localhost:1080,2025-08-14T13:50:19+00:00,28073720
go_memstats_heap_alloc_bytes,localhost:1080,2025-08-14T13:50:22+00:00,29215128
go_memstats_heap_alloc_bytes,localhost:1080,2025-08-14T13:50:25+00:00,29301336
go_memstats_heap_alloc_bytes,localhost:1080,2025-08-14T13:50:28+00:00,29423960
go_memstats_heap_alloc_bytes,localhost:1080,2025-08-14T13:50:31+00:00,29509992
go_memstats_heap_alloc_bytes,localhost:1080,2025-08-14T13:50:34+00:00,29602840
go_memstats_heap_alloc_bytes,localhost:1080,2025-08-14T13:50:37+00:00,30737432
go_memstats_heap_alloc_bytes,localhost:1080,2025-08-14T13:50:40+00:00,30843296
go_memstats_heap_alloc_bytes,localhost:1080,2025-08-14T13:50:43+00:00,30936176
go_memstats_heap_alloc_bytes,localhost:1080,2025-08-14T13:50:46+00:00,31022208
go_memstats_heap_alloc_bytes,localhost:1080,2025-08-14T13:50:49+00:00,31127912
go_memstats_heap_alloc_bytes,localhost:1080,2025-08-14T13:50:52+00:00,32262568
go_memstats_heap_alloc_bytes,localhost:1080,2025-08-14T13:50:55+00:00,32355416
go_memstats_heap_alloc_bytes,localhost:1080,2025-08-14T13:50:58+00:00,32461136
go_memstats_heap_alloc_bytes,localhost:1080,2025-08-14T13:51:01+00:00,32547152
go_memstats_heap_alloc_bytes,localhost:1080,2025-08-14T13:51:04+00:00,32640016
go_memstats_heap_alloc_bytes,localhost:1080,2025-08-14T13:51:07+00:00,33774624
go_memstats_heap_alloc_bytes,localhost:1080,2025-08-14T13:51:10+00:00,33880312
go_memstats_heap_alloc_bytes,localhost:1080,2025-08-14T13:51:13+00:00,33973160
go_memstats_heap_alloc_bytes,localhost:1080,2025-08-14T13:51:16+00:00,34059192
go_memstats_heap_alloc_bytes,localhost:1080,2025-08-14T13:51:19+00:00,34164880
go_memstats_heap_alloc_bytes,localhost:1080,2025-08-14T13:51:22+00:00,35299728
go_memstats_heap_alloc_bytes,localhost:1080,2025-08-14T13:51:25+00:00,35392688
go_memstats_heap_alloc_bytes,localhost:1080,2025-08-14T13:51:28+00:00,35498216
go_memstats_heap_alloc_bytes,localhost:1080,2025-08-14T13:51:31+00:00,35584216
go_memstats_heap_alloc_bytes,localhost:1080,2025-08-14T13:51:34+00:00,35676920
go_memstats_heap_alloc_bytes,localhost:1080,2025-08-14T13:51:37+00:00,36811528
go_memstats_heap_alloc_bytes,localhost:1080,2025-08-14T13:51:40+00:00,36917216
go_memstats_heap_alloc_bytes,localhost:1080,2025-08-14T13:51:43+00:00,37003248
go_memstats_heap_alloc_bytes,localhost:1080,2025-08-14T13:51:46+00:00,33307344
go_memstats_heap_alloc_bytes,localhost:1080,2025-08-14T13:51:49+00:00,33411424
go_memstats_heap_alloc_bytes,localhost:1080,2025-08-14T13:51:52+00:00,33497632
go_memstats_heap_alloc_bytes,localhost:1080,2025-08-14T13:51:55+00:00,33583664
go_memstats_heap_alloc_bytes,localhost:1080,2025-08-14T13:51:58+00:00,33671808
go_memstats_heap_alloc_bytes,localhost:1080,2025-08-14T13:52:01+00:00,33758016
go_memstats_heap_alloc_bytes,localhost:1080,2025-08-14T13:52:04+00:00,33844448
go_memstats_heap_alloc_bytes,localhost:1080,2025-08-14T13:52:07+00:00,33930256
go_memstats_heap_alloc_bytes,localhost:1080,2025-08-14T13:52:10+00:00,34016272
go_memstats_heap_alloc_bytes,localhost:1080,2025-08-14T13:52:13+00:00,34102320
go_memstats_heap_alloc_bytes,localhost:1080,2025-08-14T13:52:16+00:00,34188336
go_memstats_heap_alloc_bytes,localhost:1080,2025-08-14T13:52:19+00:00,34274368
go_memstats_heap_alloc_bytes,localhost:1080,2025-08-14T13:52:22+00:00,34360400
go_memstats_heap_alloc_bytes,localhost:1080,2025-08-14T13:52:25+00:00,34446432
go_memstats_heap_alloc_bytes,localhost:1080,2025-08-14T13:52:28+00:00,34532464
go_memstats_heap_alloc_bytes,localhost:1080,2025-08-14T13:52:31+00:00,34618672
go_memstats_heap_alloc_bytes,localhost:1080,2025-08-14T13:52:34+00:00,34704704
go_memstats_heap_alloc_bytes,localhost:1080,2025-08-14T13:52:37+00:00,34790736
go_memstats_heap_alloc_bytes,localhost:1080,2025-08-14T13:52:40+00:00,34876768
go_memstats_heap_alloc_bytes,localhost:1080,2025-08-14T13:52:43+00:00,34962992
go_memstats_heap_alloc_bytes,localhost:1080,2025-08-14T13:52:46+00:00,35048848
go_memstats_heap_alloc_bytes,localhost:1080,2025-08-14T13:52:49+00:00,35134880
go_memstats_heap_alloc_bytes,localhost:1080,2025-08-14T13:52:52+00:00,35220912
go_memstats_heap_alloc_bytes,localhost:1080,2025-08-14T13:52:55+00:00,35306928
go_memstats_heap_alloc_bytes,localhost:1080,2025-08-14T13:52:58+00:00,35393008
go_memstats_heap_alloc_bytes,localhost:1080,2025-08-14T13:53:01+00:00,35479040
go_memstats_heap_alloc_bytes,localhost:1080,2025-08-14T13:53:04+00:00,35565056
go_memstats_heap_alloc_bytes,localhost:1080,2025-08-14T13:53:07+00:00,35651072
go_memstats_heap_alloc_bytes,localhost:1080,2025-08-14T13:53:10+00:00,35737104
go_memstats_heap_alloc_bytes,localhost:1080,2025-08-14T13:53:13+00:00,35823136
go_memstats_heap_alloc_bytes,localhost:1080,2025-08-14T13:53:16+00:00,35909232
go_memstats_heap_alloc_bytes,localhost:1080,2025-08-14T13:53:19+00:00,35995216
go_memstats_heap_alloc_bytes,localhost:1080,2025-08-14T13:53:22+00:00,36081280
go_memstats_heap_alloc_bytes,localhost:1080,2025-08-14T13:53:25+00:00,36167296
go_memstats_heap_alloc_bytes,localhost:1080,2025-08-14T13:53:28+00:00,36253328
go_memstats_heap_alloc_bytes,localhost:1080,2025-08-14T13:53:31+00:00,36339360
go_memstats_heap_alloc_bytes,localhost:1080,2025-08-14T13:53:34+00:00,36425392
go_memstats_heap_alloc_bytes,localhost:1080,2025-08-14T13:53:37+00:00,36511424
go_memstats_heap_alloc_bytes,localhost:1080,2025-08-14T13:53:40+00:00,36597568
go_memstats_heap_alloc_bytes,localhost:1080,2025-08-14T13:53:43+00:00,36683472
go_memstats_heap_alloc_bytes,localhost:1080,2025-08-14T13:53:46+00:00,36769536
go_memstats_heap_alloc_bytes,localhost:1080,2025-08-14T13:53:49+00:00,3843728
go_memstats_heap_alloc_bytes,localhost:1080,2025-08-14T13:53:52+00:00,4743616
go_memstats_heap_alloc_bytes,localhost:1080,2025-08-14T13:53:55+00:00,4829648
go_memstats_heap_alloc_bytes,localhost:1080,2025-08-14T13:53:58+00:00,5729536
go_memstats_heap_alloc_bytes,localhost:1080,2025-08-14T13:54:01+00:00,6629536
go_memstats_heap_alloc_bytes,localhost:1080,2025-08-14T13:54:04+00:00,6715456
go_memstats_heap_alloc_bytes,localhost:1080,2025-08-14T13:54:07+00:00,6801488
go_memstats_heap_alloc_bytes,localhost:1080,2025-08-14T13:54:10+00:00,6887520
go_memstats_heap_alloc_bytes,localhost:1080,2025-08-14T13:54:13+00:00,6973712
go_memstats_heap_alloc_bytes,localhost:1080,2025-08-14T13:54:16+00:00,3740152
go_memstats_heap_alloc_bytes,localhost:1080,2025-08-14T13:54:19+00:00,3829888
go_memstats_heap_alloc_bytes,localhost:1080,2025-08-14T13:54:22+00:00,3918032
